        <ComponentType Name="Text File Connector" ComponentTypeCode="2" Deployable="true" Deprecated="false" Monitorable="false" SuperComponentType="Connector" ParentComponentType="Connectors" LastChangedBy="ConfigurationStartup" LastChangedDate="2008-10-31T10:26:19.945-06:00" CreatedBy="ConfigurationStartup" CreationDate="2008-10-31T10:26:19.945-06:00">
            <PropertyDefinition Name="ConnectorTypeClassPath" DisplayName="Connector Type Class Path" ShortDescription="Connector Type classpath (defined by system, do not modify)" DefaultValue="extensionjar:connector_patch.jar;extensionjar:${project.artifactId}-${project.version}.jar;${classpath}" IsModifiable="false" />
            <PropertyDefinition Name="PartialStartupAllowed" DisplayName="Partial Startup Allowed" ShortDescription="" DefaultValue="true" IsRequired="true" PropertyType="Boolean" IsExpert="true"  />
            <PropertyDefinition Name="Standard" DisplayName="Standard Type" ShortDescription="Standard Built-in Connector Type" DefaultValue="true" PropertyType="Boolean" IsExpert="true" IsModifiable="false" />
            <PropertyDefinition Name="DescriptorFile" DisplayName="Text File Descriptor" ShortDescription="" IsRequired="true"  />
            <PropertyDefinition Name="ConnectorClass" DisplayName="Connector Class" ShortDescription="" DefaultValue="com.metamatrix.connector.text.TextConnector" IsRequired="true" IsExpert="true" />
            <PropertyDefinition Name="EnforceColumnCount" DisplayName="Enforce Column Count" ShortDescription="This forces the number of columns in text file to match what was modeled" DefaultValue="false" PropertyType="Boolean"  />
            <PropertyDefinition Name="DateResultFormatsDelimiter" DisplayName="Date Result Formats Delimiter" ShortDescription="" IsExpert="true" />
            <PropertyDefinition Name="DateResultFormats" DisplayName="Date Result Formats" ShortDescription="" IsExpert="true" />
            <PropertyDefinition Name="Immutable" DisplayName="Is Immutable" ShortDescription="True if the source never changes." DefaultValue="true" IsRequired="true" PropertyType="Boolean" IsExpert="true" />
        </ComponentType>
        