<?xml version="1.0" encoding="UTF-8"?>
<!DOCTYPE chapter PUBLIC "-//OASIS//DTD DocBook XML V4.5//EN" "http://www.oasis-open.org/docbook/xml/4.5/docbookx.dtd">
<chapter id="designer">
  <title>Using Teiid Designer to build a VDB</title>
  <sect1>
    <title>Download Teiid Designer</title>
    
    <note>
      <para>
        If you would like to skip building your own VDB, you can safely go to next page and continue with the 
        exercise as there is a pre-built VDB available for your convenience in the 
        examples/portfolio/PortfolioModel directory of the download.
      </para>
    </note>
        
    <para>
      The Teiid Designer project provides a Eclipse based designer tool for this purpose of building a VDB. You can
      download Teiid Designer
      <ulink url="http://teiid.org/teiiddesigner.html">here</ulink>
      Once downloaded, please follow the installation instructions. Start the Teiid Designer and return here to continue
      building the VDB.
    </para>
  </sect1>
  <sect1 id="step-3">
    <title>Building a VDB</title>
    <para>Once you start the Designer, there are several steps you must perform to create a VDB. These steps are 
    summarized in the following table. There is a video at the end of the
      list that will take you though all the steps involved.</para>
    <orderedlist>
      <listitem>
        <para>Switch to the Designer Perspective, by opening the "Window->Open Perspective.."</para>
      </listitem>
      <listitem>
        <para>Create new "Model Project", using "File->New->ModelProject"</para>
      </listitem>
      <listitem>
        <para>Import the Derby database's "account" schema into a source model.</para>
      </listitem>
      <listitem>
        <para>Manually create the source model for the "Text File". Create a Table called "Price" with
          "stock" and "price" as column names</para>
      </listitem>
      <listitem>
        <para>Create a view model called "AccountView"</para>
      </listitem>
      <listitem>
        <para>In the "AccountView" model, create a virtual table (called as Base Table in the menu), and build
          the transformation query combining the "Accounts" tables with "Price" table</para>
      </listitem>
      <listitem>
        <para>In the "AccountView" model, create a virtual procedure called "buyStock", to learn about procedure
          language.</para>
      </listitem>
      <listitem>
        <para>Create a VDB based on the models created</para>
      </listitem>
      <listitem>
        <para>Test the created VDB with some ad-hoc queries inside Designer.</para>
      </listitem>
      <listitem>
        <para>Export or copy the VDB for use in your application.</para>
      </listitem>
    </orderedlist>
    <!-- 
      <center>
      <OBJECT CLASSID="clsid:D27CDB6E-AE6D-11cf-96B8-444553540000" WIDTH="802" HEIGHT="687" CODEBASE="http://active.macromedia.com/flash5/cabs/swflash.cab#version=5,0,0,0">
      <PARAM NAME=movie VALUE="EmbeddedDesignerExampleVideo.swf">
      <PARAM NAME=play VALUE=true>
      <PARAM NAME=loop VALUE=false>
      <PARAM NAME=quality VALUE=low>
      <EMBED SRC="../images/EmbeddedDesignerExampleVideo.swf" WIDTH=802 HEIGHT=687 quality=low loop=false TYPE="application/x-shockwave-flash" PLUGINSPAGE="http://www.macromedia.com/shockwave/download/index.cgi?P1_Prod_Version=ShockwaveFlash"></EMBED>
      </OBJECT>
      </center>    
     -->
  </sect1>
</chapter>