<?xml version="1.0" encoding="UTF-8"?>
<!DOCTYPE preface PUBLIC "-//OASIS//DTD DocBook XML V4.5//EN" "http://www.oasis-open.org/docbook/xml/4.5/docbookx.dtd">
<preface>
  <title>Preface</title>
  <para> Teiid offers the power of a federated relational query engine for use with any Java
    application - without the need for a separate server process. Accessing your federated data is as easy as
    making a JDBC connection to any relational data source. This guide will take you through</para>
  <itemizedlist>
    <listitem>
      <para>Deployment of Teiid in your environment</para>
    </listitem>
    <listitem>
      <para>Building and deploying a Virtual Database(VDB)</para>
    </listitem>
    <listitem>
      <para>Connecting to your VDB and issuing federated queries against your VDB and getting results
        back</para>
    </listitem>
  </itemizedlist>
  <para> Commercial development support, production support, and training for Teiid is available through JBoss.
    Teiid is a Professional Open Source project and a critical component of the JBoss Enterprise Data Services
    Platform.</para>
  <sect1>
    <title>What is This Guide About?</title>
    <para>This guide takes you through an introduction to the concepts important to Teiid, 
    downloading the software, and building and deploying a demonstration virtual database in 60 minutes.
    There is a lot to cover, so let's begin!</para>
  </sect1>
  <note>
    <para>
      Please read 
      <ulink url="http://www.jboss.org/teiid/basics.html">Federation Basics</ulink>
      and understand different terminologies used, resources needed and artifacts that need to be generated before
      developing a successful application. This example takes advantage of only a minimal set of features from
      Teiid Embedded for the sake of simplicity and time.
    </para>
  </note>
</preface>