<?xml version="1.0" encoding="UTF-8"?>
<!--
  JBoss, Home of Professional Open Source.

  See the LEGAL.txt file distributed with this work for information regarding copyright ownership and licensing.

  See the AUTHORS.txt file distributed with this work for a full listing of individual contributors.
-->
<feature
      id="federate.designer.feature"
      label="%featureName"
      version="6.0.0"
      provider-name="%providerName"
      image="feature.gif">

   <description url="www.jboss.org/projects/federate/designer">
      %description
   </description>

   <copyright url="www.jboss.org/projects/federate/designer">
      %copyright
   </copyright>

   <license url="http://www.eclipse.org/legal/epl-v10.html">
      %license
   </license>

   <requires>
      <import feature="org.eclipse.emf" version="2.4.1"/>
      <import feature="org.eclipse.emf.ecore.sdo" version="2.4.0"/>
      <import feature="org.eclipse.gef" version="3.4.0"/>
      <import feature="org.eclipse.platform" version="3.4.1"/>
      <import feature="org.eclipse.uml2" version="2.2.0"/>
      <import feature="org.eclipse.xsd" version="2.4.0"/>
   </requires>

   <plugin
         id="com.metamatrix.modeler.ui"
         download-size="0"
         install-size="0"
         version="6.0.0"
         unpack="false"/>

   <plugin
         id="com.metamatrix.core.xslt"
         download-size="0"
         install-size="0"
         version="6.0.0"
         unpack="false"/>

   <plugin
         id="com.metamatrix.metamodels.relational"
         download-size="0"
         install-size="0"
         version="6.0.0"
         unpack="false"/>

   <plugin
         id="com.metamatrix.metamodels.core"
         download-size="0"
         install-size="0"
         version="6.0.0"
         unpack="false"/>

   <plugin
         id="com.metamatrix.modeler.core"
         download-size="0"
         install-size="0"
         version="6.0.0"
         unpack="false"/>

   <plugin
         id="com.metamatrix.modeler.ddl"
         download-size="0"
         install-size="0"
         version="6.0.0"
         unpack="false"/>

   <plugin
         id="com.metamatrix.modeler.jdbc"
         download-size="0"
         install-size="0"
         version="6.0.0"
         unpack="false"/>

   <plugin
         id="com.metamatrix.modeler.jdbc.relational"
         download-size="0"
         install-size="0"
         version="6.0.0"
         unpack="false"/>

   <plugin
         id="com.metamatrix.modeler.jdbc.ui"
         download-size="0"
         install-size="0"
         version="6.0.0"
         unpack="false"/>

   <plugin
         id="com.metamatrix.metamodels.diagram"
         download-size="0"
         install-size="0"
         version="6.0.0"
         unpack="false"/>

   <plugin
         id="com.metamatrix.metamodels.transformation"
         download-size="0"
         install-size="0"
         version="6.0.0"
         unpack="false"/>

   <plugin
         id="com.metamatrix.query.ui"
         download-size="0"
         install-size="0"
         version="6.0.0"
         unpack="false"/>

   <plugin
         id="com.metamatrix.ui"
         download-size="0"
         install-size="0"
         version="6.0.0"
         unpack="false"/>

   <plugin
         id="com.metamatrix.vdb.edit"
         download-size="0"
         install-size="0"
         version="6.0.0"
         unpack="false"/>

   <plugin
         id="com.metamatrix.metamodels.dependency"
         download-size="0"
         install-size="0"
         version="6.0.0"
         unpack="false"/>

   <plugin
         id="com.metamatrix.metamodels.history"
         download-size="0"
         install-size="0"
         version="6.0.0"
         unpack="false"/>

   <plugin
         id="org.jaxen"
         download-size="0"
         install-size="0"
         version="1.0.7"
         unpack="false"/>

   <plugin
         id="com.metamatrix.metamodels.function"
         download-size="0"
         install-size="0"
         version="6.0.0"
         unpack="false"/>

   <plugin
         id="com.metamatrix.metamodels.xml"
         download-size="0"
         install-size="0"
         version="6.0.0"
         unpack="false"/>

   <plugin
         id="com.metamatrix.metamodels.xsd"
         download-size="0"
         install-size="0"
         version="6.0.0"
         unpack="false"/>

   <plugin
         id="com.metamatrix.modeler.diagram.ui"
         download-size="0"
         install-size="0"
         version="6.0.0"
         unpack="false"/>

   <plugin
         id="com.metamatrix.modeler.help"
         download-size="0"
         install-size="0"
         version="6.0.0"/>

   <plugin
         id="com.metamatrix.modeler.mapping"
         download-size="0"
         install-size="0"
         version="6.0.0"
         unpack="false"/>

   <plugin
         id="com.metamatrix.modeler.mapping.ui"
         download-size="0"
         install-size="0"
         version="6.0.0"
         unpack="false"/>

   <plugin
         id="com.metamatrix.modeler.sdt"
         download-size="0"
         install-size="0"
         version="6.0.0"
         unpack="false"/>

   <plugin
         id="com.metamatrix.modeler.transformation"
         download-size="0"
         install-size="0"
         version="6.0.0"
         unpack="false"/>

   <plugin
         id="com.metamatrix.modeler.transformation.ui"
         download-size="0"
         install-size="0"
         version="6.0.0"
         unpack="false"/>

   <plugin
         id="com.metamatrix.modeler.xml"
         download-size="0"
         install-size="0"
         version="6.0.0"
         unpack="false"/>

   <plugin
         id="com.metamatrix.modeler.xml.ui"
         download-size="0"
         install-size="0"
         version="6.0.0"
         unpack="false"/>

   <plugin
         id="com.metamatrix.modeler.compare"
         download-size="0"
         install-size="0"
         version="6.0.0"
         unpack="false"/>

   <plugin
         id="com.metamatrix.metamodels.relationship"
         download-size="0"
         install-size="0"
         version="6.0.0"
         unpack="false"/>

   <plugin
         id="com.metamatrix.modeler.relationship"
         download-size="0"
         install-size="0"
         version="6.0.0"
         unpack="false"/>

   <plugin
         id="com.metamatrix.modeler.relationship.ui"
         download-size="0"
         install-size="0"
         version="6.0.0"
         unpack="false"/>

   <plugin
         id="com.metamatrix.modeler.xsd.ui"
         download-size="0"
         install-size="0"
         version="6.0.0"
         unpack="false"/>

   <plugin
         id="com.metamatrix.rose"
         download-size="0"
         install-size="0"
         version="6.0.0"
         unpack="false"/>

   <plugin
         id="com.metamatrix.rose.ui"
         download-size="0"
         install-size="0"
         version="6.0.0"
         unpack="false"/>

   <plugin
         id="com.metamatrix.metamodels.uml2"
         download-size="0"
         install-size="0"
         version="6.0.0"
         unpack="false"/>

   <plugin
         id="com.metamatrix.modeler.modelgenerator"
         download-size="0"
         install-size="0"
         version="6.0.0"
         unpack="false"/>

   <plugin
         id="com.metamatrix.modeler.modelgenerator.ui"
         download-size="0"
         install-size="0"
         version="6.0.0"
         unpack="false"/>

   <plugin
         id="com.metamatrix.modeler.compare.ui"
         download-size="0"
         install-size="0"
         version="6.0.0"
         unpack="false"/>

   <plugin
         id="com.metamatrix.metamodels.webservice"
         download-size="0"
         install-size="0"
         version="6.0.0"
         unpack="false"/>

   <plugin
         id="com.metamatrix.metamodels.wsdl"
         download-size="0"
         install-size="0"
         version="6.0.0"
         unpack="false"/>

   <plugin
         id="com.metamatrix.modeler.webservice"
         download-size="0"
         install-size="0"
         version="6.0.0"
         unpack="false"/>

   <plugin
         id="com.metamatrix.modeler.webservice.ui"
         download-size="0"
         install-size="0"
         version="6.0.0"
         unpack="false"/>

   <plugin
         id="com.metamatrix.modeler.vdb.ui"
         download-size="0"
         install-size="0"
         version="6.0.0"
         unpack="false"/>

   <plugin
         id="net.sf.saxon"
         download-size="0"
         install-size="0"
         version="8.7.3"
         unpack="false"/>

   <plugin
         id="com.metamatrix.modeler.dqp"
         download-size="0"
         install-size="0"
         version="6.0.0"
         unpack="false"/>

   <plugin
         id="com.metamatrix.modeler.dqp.ui"
         download-size="0"
         install-size="0"
         version="6.0.0"
         unpack="false"/>

   <plugin
         id="net.sourceforge.sqlexplorer"
         download-size="0"
         install-size="0"
         version="2.2.4"
         unpack="false"/>

   <plugin
         id="com.metamatrix.modeler.tools.textimport.ui"
         download-size="0"
         install-size="0"
         version="6.0.0"
         unpack="false"/>

   <plugin
         id="com.metamatrix.modeler.relational.ui"
         download-size="0"
         install-size="0"
         version="6.0.0"
         unpack="false"/>

   <plugin
         id="org.apache.commons.validator"
         download-size="0"
         install-size="0"
         version="1.0.0"
         unpack="false"/>

   <plugin
         id="org.apache.oro"
         download-size="0"
         install-size="0"
         version="1.0.0"
         unpack="false"/>

   <plugin
         id="com.metamatrix.modeler.modelgenerator.uml2"
         download-size="0"
         install-size="0"
         version="6.0.0"
         unpack="false"/>

   <plugin
         id="org.apache.poi"
         download-size="0"
         install-size="0"
         version="2.5.1"
         unpack="false"/>

   <plugin
         id="com.metamatrix.metamodels.xmlservice"
         download-size="0"
         install-size="0"
         version="6.0.0"
         unpack="false"/>

   <plugin
         id="com.metamatrix.modeler.modelgenerator.xml"
         download-size="0"
         install-size="0"
         version="6.0.0"
         unpack="false"/>

   <plugin
         id="com.metamatrix.metamodels.builder"
         download-size="0"
         install-size="0"
         version="6.0.0"
         unpack="false"/>

   <plugin
         id="com.metamatrix.metamodels.builder.execution"
         download-size="0"
         install-size="0"
         version="6.0.0"
         unpack="false"/>

   <plugin
         id="com.metamatrix.modeler.tools.genericimport.ui"
         download-size="0"
         install-size="0"
         version="6.0.0"
         unpack="false"/>

   <plugin
         id="com.metamatrix.modeler.modelgenerator.wsdl"
         download-size="0"
         install-size="0"
         version="6.0.0"
         unpack="false"/>

   <plugin
         id="com.metamatrix.modeler.modelgenerator.wsdl.ui"
         download-size="0"
         install-size="0"
         version="6.0.0"
         unpack="false"/>

   <plugin
         id="com.metamatrix.modeler.schema.tools"
         download-size="0"
         install-size="0"
         version="6.0.0"
         unpack="false"/>

   <plugin
         id="com.metamatrix.modeler.xsd"
         download-size="0"
         install-size="0"
         version="6.0.0"
         unpack="false"/>

   <plugin
         id="org.wsdl4j"
         download-size="0"
         install-size="0"
         version="1.4.0"
         unpack="false"/>

   <plugin
         id="com.metamatrix.core.modeler"
         download-size="0"
         install-size="0"
         version="6.0.0"
         unpack="false"/>

   <plugin
         id="com.metamatrix.metamodels.xsd.ui"
         download-size="0"
         install-size="0"
         version="6.0.0"
         unpack="false"/>

   <plugin
         id="com.metamatrix.modeler.modelgenerator.salesforce"
         download-size="0"
         install-size="0"
         version="6.0.0"
         unpack="false"/>

   <plugin
         id="com.metamatrix.modeler.modelgenerator.salesforce.ui"
         download-size="0"
         install-size="0"
         version="6.0.0"
         unpack="false"/>

   <plugin
         id="federate_embedded_query"
         download-size="0"
         install-size="0"
         version="6.0.0"
         unpack="false"/>

</feature>
