<?xml version="1.0" encoding="UTF-8"?>
<site>
   <description url="http://www.jboss.org/teiiddesigner/updatesite">
      Teiid Designer is a visual tool that enables rapid, model-driven definition, integration, management and testing of data services without programming using the Teiid runtime framework.

With Teiid Designer, not only do you create source data models and map your sources to target formats using a visual tool, but you can also:

    * create a virtual database (or VDB) containing your models which you deploy to Teiid server and then access your data.
    * resolve semantic differences
    * create virtual data structures at a physical or logical level
    * use declarative interfaces to integrate, aggregate, and transform the data on its way from source to a target format which is compatible and optimized for consumption by your applications.

Visit the project home page at:   http://www.teiid.org  for details.
   </description>
   <feature url="features/org.teiid.designer_runtime_7.0.0.jar" id="org.teiid.designer-runtime" version="7.0.0.v20100215">
      <category name="Metadata Modeling"/>
   </feature>
   <feature url="features/org.teiid.designer_runtime_feature_7.0.0.v20100215.jar" id="org.teiid.designer_runtime_feature" version="7.0.0.v20100215">
      <category name="Metadata Modeling"/>
   </feature>
   <feature url="features/org.teiid.designer_runtime_feature_7.0.0.jar" id="org.teiid.designer_runtime_feature" version="7.0.0"/>
</site>
