<?xml version="1.0" encoding="UTF-8"?>
<!DOCTYPE chapter PUBLIC "-//OASIS//DTD DocBook XML V4.5//EN" "http://www.oasis-open.org/docbook/xml/4.5/docbookx.dtd">
<chapter id="appendix">
	<title>Appendix</title>
		<sect1>
		<title>Supported Capabilities</title>
		<para>The following are the the connector capabilities supported by
			the Salesforce Connector. These SQL constructs will be pushed down to
			Salesforce.</para>
		<itemizedlist mark='opencircle'>
		<listitem><para>
				SELECT command
			</para></listitem>
		<listitem><para>
				INSERT Command
			</para></listitem>
		<listitem><para>
				UPDATE Command
			</para></listitem>
		<listitem><para>
				DELETE Command
			</para></listitem>
		<listitem><para>
				CompareCriteriaEquals
			</para></listitem>
		<listitem><para>
				InCriteria
			</para></listitem>
		<listitem><para>
				LikeCriteria - Supported for String fields only.
			</para></listitem>
		<listitem><para>
				RowLimit
			</para></listitem>
		<listitem><para>
				AggregatesCountStar
			</para></listitem>
		<listitem><para>
				NotCriteria
			</para></listitem>
		<listitem><para>
				OrCriteria
			</para></listitem>
		<listitem><para>
				CompareCriteriaOrdered
			</para></listitem>
		</itemizedlist>
	</sect1>

</chapter>