<!--This script builds a JAR for a Teiid Embedded Server Installation -->
<assembly>
  
  <id>docs</id>
  
  <formats>
    <format>dir</format>
  </formats>
  
  <includeBaseDirectory>false</includeBaseDirectory>
      
  <moduleSets>
    <moduleSet>
        <includeSubModules>true</includeSubModules>      
        <sources>
          <includeModuleDirectory>true</includeModuleDirectory>
          <excludeSubModuleDirectories>false</excludeSubModuleDirectories>
          <useDefaultExcludes>true</useDefaultExcludes>
          <fileSets>
            <fileSet>
            <directory>./target/docbook/publish</directory>
            <outputDirectory></outputDirectory>
            <useDefaultExcludes>true</useDefaultExcludes>
            </fileSet>
          </fileSets>      
        </sources>
    </moduleSet>
  </moduleSets>

</assembly>