<?xml version='1.0' encoding="UTF-8"?>
<!--

    JBoss, Home of Professional Open Source.
    Copyright (C) 2008 Red Hat, Inc.
    Licensed to Red Hat, Inc. under one or more contributor 
    license agreements.  See the copyright.txt file in the
    distribution for a full listing of individual contributors.	
    
    This library is free software; you can redistribute it and/or
    modify it under the terms of the GNU Lesser General Public
    License as published by the Free Software Foundation; either
    version 2.1 of the License, or (at your option) any later version.
    
    This library is distributed in the hope that it will be useful,
    but WITHOUT ANY WARRANTY; without even the implied warranty of
    MERCHANTABILITY or FITNESS FOR A PARTICULAR PURPOSE.  See the GNU
    Lesser General Public License for more details.
    
    You should have received a copy of the GNU Lesser General Public
    License along with this library; if not, write to the Free Software
    Foundation, Inc., 51 Franklin Street, Fifth Floor, Boston, MA
    02110-1301 USA.

-->
<!DOCTYPE book PUBLIC "-//OASIS//DTD DocBook XML V4.5//EN" "http://www.oasis-open.org/docbook/xml/4.5/docbookx.dtd" [
<!ENTITY % CustomDTD SYSTEM "../../../../../custom.dtd">
%CustomDTD;
]>

<book>

    <bookinfo>
        <title>Teiid - Scalable Information Integration</title>
        <subtitle>Teiid Connector Developer's Guide</subtitle>
        <releaseinfo>&versionNumber;</releaseinfo>
        <productnumber>&versionNumber;</productnumber>
        <issuenum>1</issuenum>
        <mediaobject>
            <imageobject role="fo">
                <imagedata fileref="images/logo.png" align="center"/>
            </imageobject>
            <imageobject role="html">
                <imagedata fileref="images/logo.png" depth="3cm" />
            </imageobject>
        </mediaobject>
        <copyright>
            <year>&copyrightYear;</year>
            <holder>&copyrightHolder;</holder>
        </copyright>
        <xi:include href="legal_notice.xml" xmlns:xi="http://www.w3.org/2001/XInclude" /> 
    </bookinfo>
    
    <toc/>
        
    <xi:include href="content/federate-info.xml" xmlns:xi="http://www.w3.org/2001/XInclude" />
    <xi:include href="content/introduction.xml" xmlns:xi="http://www.w3.org/2001/XInclude" />
    <xi:include href="content/connector-api.xml" xmlns:xi="http://www.w3.org/2001/XInclude" />
    <xi:include href="content/command-language.xml" xmlns:xi="http://www.w3.org/2001/XInclude" />
    <xi:include href="content/connector-development-kit.xml" xmlns:xi="http://www.w3.org/2001/XInclude" />    
    <xi:include href="content/connector-deployment.xml" xmlns:xi="http://www.w3.org/2001/XInclude" />
    <xi:include href="content/connection-pooling.xml" xmlns:xi="http://www.w3.org/2001/XInclude" />
    <xi:include href="content/monitored-connector.xml" xmlns:xi="http://www.w3.org/2001/XInclude" />
    <xi:include href="content/lob-support.xml" xmlns:xi="http://www.w3.org/2001/XInclude" />
    <xi:include href="content/appendix-a.xml" xmlns:xi="http://www.w3.org/2001/XInclude" />
    
</book>

