<?xml version='1.0' encoding="UTF-8"?>
<!--

    JBoss, Home of Professional Open Source.
    Copyright (C) 2008 Red Hat, Inc.
    Licensed to Red Hat, Inc. under one or more contributor 
    license agreements.  See the copyright.txt file in the
    distribution for a full listing of individual contributors.	
    
    This library is free software; you can redistribute it and/or
    modify it under the terms of the GNU Lesser General Public
    License as published by the Free Software Foundation; either
    version 2.1 of the License, or (at your option) any later version.
    
    This library is distributed in the hope that it will be useful,
    but WITHOUT ANY WARRANTY; without even the implied warranty of
    MERCHANTABILITY or FITNESS FOR A PARTICULAR PURPOSE.  See the GNU
    Lesser General Public License for more details.
    
    You should have received a copy of the GNU Lesser General Public
    License along with this library; if not, write to the Free Software
    Foundation, Inc., 51 Franklin Street, Fifth Floor, Boston, MA
    02110-1301 USA.

-->
<!DOCTYPE legalnotice PUBLIC "-//OASIS//DTD DocBook XML V4.5//EN" "http://www.oasis-open.org/docbook/xml/4.5/docbookx.dtd">

<legalnotice id="Legal_Notice">
    <title>Legal Notice</title>
    <para>
        <address>
            <street>1801 Varsity Drive</street>
            <city>Raleigh</city>, <state>NC</state><postcode>27606-2072</postcode><country>USA</country>
            <phone>Phone: +1 919 754 3700</phone>
            <phone>Phone: 888 733 4281</phone>
            <fax>Fax: +1 919 754 3701</fax>
            <pob>PO Box 13588</pob><city>Research Triangle Park</city>, <state>NC</state><postcode>27709</postcode><country>USA</country>
        </address>
    </para>
    <para>
        Copyright <trademark class="copyright"/> 2009 by Red Hat, Inc.  This copyrighted material is made available to
        anyone wishing to use, modify, copy, or redistribute it subject to the terms and conditions of the
        GNU <ulink url="http://www.gnu.org/licenses/lgpl-2.1.html">Lesser General Public License</ulink>, as published
        by the Free Software Foundation.
    </para>
    <para>
        Red Hat and the Red Hat "Shadow Man" logo are registered trademarks of Red Hat, Inc. in the United States and other countries.
    </para>
    <para>
        All other trademarks referenced herein are the property of their respective owners.
    </para>
    <para>
        The GPG fingerprint of the security@redhat.com key is:
    </para>
    <para>
        CA 20 86 86 2B D6 9D FC 65 F6 EC C4 21 91 80 CD DB 42 A6 0E
    </para>
</legalnotice>
